DESYNPUF_ID,CLM_ID,SEGMENT,CLM_FROM_DT,CLM_THRU_DT,PRVDR_NUM,CLM_PMT_AMT,NCH_PRMRY_PYR_CLM_PD_AMT,AT_PHYSN_NPI,OP_PHYSN_NPI,ICD9_DGNS_CD_1,ICD9_DGNS_CD_2,ICD9_DGNS_CD_3,ICD9_DGNS_CD_4,ICD9_DGNS_CD_5,ICD9_DGNS_CD_6,ICD9_DGNS_CD_7,ICD9_DGNS_CD_8,ICD9_DGNS_CD_9,ICD9_DGNS_CD_10,ICD9_PRCDR_CD_1,ICD9_PRCDR_CD_2,ICD9_PRCDR_CD_3,ICD9_PRCDR_CD_4,ICD9_PRCDR_CD_5,ICD9_PRCDR_CD_6,HCPCS_CD_1,HCPCS_CD_2,HCPCS_CD_3,HCPCS_CD_4,HCPCS_CD_5,HCPCS_CD_6,HCPCS_CD_7,HCPCS_CD_8,HCPCS_CD_9,HCPCS_CD_10,HCPCS_CD_11,HCPCS_CD_12,HCPCS_CD_13,HCPCS_CD_14,HCPCS_CD_15,HCPCS_CD_16,HCPCS_CD_17,HCPCS_CD_18,HCPCS_CD_19,HCPCS_CD_20,HCPCS_CD_21,HCPCS_CD_22,HCPCS_CD_23,HCPCS_CD_24,HCPCS_CD_25,HCPCS_CD_26,HCPCS_CD_27,HCPCS_CD_28,HCPCS_CD_29,HCPCS_CD_30,HCPCS_CD_31,HCPCS_CD_32,HCPCS_CD_33,HCPCS_CD_34,HCPCS_CD_35,HCPCS_CD_36,HCPCS_CD_37,HCPCS_CD_38,HCPCS_CD_39,HCPCS_CD_40,HCPCS_CD_41,HCPCS_CD_42,HCPCS_CD_43,HCPCS_CD_44,HCPCS_CD_45
00013D2EFD8E45D1,5.42192E+14,1,20080904,20080904,2600RA,50,0,4824842417,,V5841,,,,,,,,,,,,,,,,85610,84153,,,,,,,,,,,,,,,,,,,,,,,,,,,,,,,,,,,,,,,,,,,
00016F745862898F,5.42272E+14,1,20090602,20090602,3901GS,30,0,2963419753,,V5832,V5861,2724,3182,V5869,42731,,,,,,,,,,,85610,80048,80061,82306,96372,87088,85025,80076,84075,,,,,,,,,,,,,,,,,,,,,,,,,,,,,,,,,,,,
00016F745862898F,5.42282E+14,1,20090623,20090623,3939PG,30,0,5737807753,,9594,E9174,4019,,,,,,,,,,,,,,71101,78480,94060,,,,,,,,,,,,,,,,,,,,,,,,,,,,,,,,,,,,,,,,,,
0001FDD721E223DC,5.42642E+14,1,20091011,20091011,3902NU,30,0,1233847710,,78943,V5866,V1272,,,,,,,,,,,,,,36415,,,,,,,,,,,,,,,,,,,,,,,,,,,,,,,,,,,,,,,,,,,,
00024B3D2352D2D0,5.42242E+14,1,20080712,20080712,5200TV,30,0,9688809345,,6009,,,,,,,,,,,,,,,,76872,82365,,,,,,,,,,,,,,,,,,,,,,,,,,,,,,,,,,,,,,,,,,,
00024B3D2352D2D0,5.42442E+14,1,20090212,20090212,5213ZG,80,0,4199631965,,6115,,,,,,,,,,,,,,,,G0206,,,,,,,,,,,,,,,,,,,,,,,,,,,,,,,,,,,,,,,,,,,,
00024B3D2352D2D0,5.42422E+14,1,20090627,20090627,5213RM,10,0,1449018601,,2723,,,,,,,,,,,,,,,,36415,80076,,,,,,,,,,,,,,,,,,,,,,,,,,,,,,,,,,,,,,,,,,,
00024B3D2352D2D0,5.42372E+14,1,20100526,20100526,5200YU,40,0,5972737463,,V821,,,,,,,,,,,,,,,,G0202,77052,,,,,,,,,,,,,,,,,,,,,,,,,,,,,,,,,,,,,,,,,,,
0002F28CE057345B,5.42052E+14,2,,,3902NU,50,0,,,,,,,,,,,,,,,,,,,73562,,,,,,,,,,,,,,,,,,,,,,,,,,,,,,,,,,,,,,,,,,,,
